x,y
0.686885259875125,0.229420850983234
-0.185209987667641,-0.560392669144332
0.28698658852122,0.668700659721817
0.353765939172024,-1.09987497210067
1.51798915114326,1.54771174708694
0.517548875734164,0.644748292662092
-1.10639258209762,1.48561761027273
0.385419909579459,1.68921271958391
0.578561310806198,-0.964372499477827
0.530367408973307,-1.23934607386326
-1.05016877649136,0.480947329769482
-0.365949982019964,0.467278412345962
-2.39181846650779,-1.12708050267277
0.275493833283501,-0.338646412945601
1.97084637135681,2.35356435438484
1.335717907765,0.483363980491204
0.679771982000757,1.12484441940953
-0.548525607608604,-0.469453088251543
0.598982348185212,0.656761364698595
1.17546837994128,-0.23852243925262
-1.22408728851563,-2.57488461351751
0.75785540014996,-0.331770700896582
-1.89727377365329,0.432367865487026
1.39175786228917,0.990914805519699
0.845853865214507,1.84385650469063
0.807325861569914,-0.00846583378476851
-2.08098746365388,-1.18259186541727
0.589634629260358,-0.636996640464585
-2.16240532144094,-0.621989733588039
0.0698755160623139,-1.08307172743497
0.183420499168802,1.05378268590786
0.274720499953919,1.33109047983252
1.32956412853936,1.01209317304201
-1.42257481046939,-0.849926376345409
0.531563703146227,2.31799448766388
-1.05662270289727,-1.25568950368739
0.850166625317746,2.26635911009361
0.160696642315978,-1.1028166475974
-0.625179992776621,-0.457054581978995
0.135853439634675,0.372578779279576
-1.55405029144379,0.990402050230906
-0.859768253964787,0.0817292999794674
-0.875345535325318,-0.492986908119211
-1.77626989805207,0.215308276030623
-0.111846482293667,1.28652158886919
1.08162533694447,0.410511615861871
-0.321601400513641,-1.04392453146697
-1.66439162863408,0.100938098363647
0.0235917692610368,-0.665509885074117
0.716281328053348,2.06004159263796
0.345799835876012,2.52182679076469
-0.392952820751176,-1.87094645277892
1.78197796661661,2.57744072462815
0.118214999301872,-0.248905292950043
0.604938851864317,-0.13482600388181
-0.589003572204654,1.22509824087032
-0.730201784021243,-0.257385475921614
0.237744737205046,0.384658449835756
-1.40695932382821,-3.15160655542605
1.13741527519018,0.368530113479611
-0.502689994847253,-0.159186006690731
-0.12199959236899,0.450586910531175
-1.99369334949042,1.84335735637656
-3.01186752088966,0.0100283748022425
0.374576606784227,2.00092763430563
-0.159815218739815,-0.183564725548625
-0.647055800771263,-0.439657537647471
0.0458493642994809,0.104883528334378
-0.998750958374204,0.0778338496350098
-0.14759115221431,-0.161581677313701
0.257761172384946,1.53714787500842
-0.23275457663748,-1.17016325312895
-1.59889460449384,-0.983460228275727
1.75478565395189,-0.863620686117394
-0.486729230890178,-1.74941401033257
0.281037509578525,0.857490336630128
0.0245850327665562,-0.858873810623413
0.408088815764225,-0.126204831729279
-1.7011457822208,-0.114594772002324
0.973419402977919,-0.0630545210184099
1.27469291855476,0.27777339472991
0.545860186145162,-0.531604788489645
1.00622794686853,0.937897322231028
0.399680327374776,-0.450039613475669
0.491388991562584,-0.747516147368082
-0.580181278194258,0.69110684399893
-0.784146131331041,-0.840504086429191
-0.852422055725381,-0.88967972187294
0.325512743741543,1.28049317747991
-0.540787525817821,-2.11356744811989
-1.5161507987483,-1.73485575006454
-0.630463026712714,-0.434924555024867
0.954123242415201,0.483062878154381
-1.33585244693717,-0.346670503789233
1.24328809207397,1.11087491105638
-0.636982329249342,-0.881523171778998
-0.202508897826467,-0.623118151755564
1.32105010002038,0.124503092167577
-1.7971812155219,0.957163011581204
0.397293604941944,0.333952158957889
0.537600348294288,1.0689886442487
-0.717070618238913,1.03420027811226
-0.0786496870848886,0.963088526563359
-1.42579645025313,-0.655333610815865
0.82996438336941,1.56963066992008
0.982673344707274,1.04074654407476
-0.192362222164392,0.601276452189843
0.741287209718522,0.108885743221242
-1.83734637478444,-0.718398483154257
-0.481883728085262,0.220073618017046
1.25233026476419,1.09226730787821
0.964036383716776,0.0810819754549434
0.334494310981262,0.132350715081523
-0.845679902134566,0.0338278696127417
0.181802931414027,0.392242565196182
-2.27505780705848,0.137179406579894
-0.224943453482571,-0.655636352444033
-0.119216468903708,-0.0465671452023723
-0.587846763232032,1.45496794607295
0.322028472600604,-0.300364941161588
-0.191347375154814,0.81786575090502
-0.733539235325494,-1.13852923770043
-2.32186178829428,0.172917611399486
-0.114998752808994,-0.175026441994785
-0.543292342633858,-0.804764982208457
1.26363434718512,0.00060320781855705
0.703242538326466,0.251076827652453
0.888491404494785,0.666555021330506
1.51796793626494,1.23657213780856
1.0550882670783,1.8672293186564
-1.03270571599594,0.039809780652277
-1.37267928838391,-0.379688459840762
0.870667962832821,0.803284779841459
-0.152376079076525,1.37900129196725
0.102345892991809,-0.384934490206863
-2.34130503300568,0.0286071024206764
1.867953357661,1.77439980825252
1.06606836557537,2.02654410679592
2.37279160828065,2.67293130810783
-0.667289953238795,-1.66779742129088
-0.869809188155837,-0.243284885259411
0.256377938353345,0.518583016711653
-0.55358768690686,0.962566228782176
2.68608654194456,-0.253115898892354
-0.276717185864799,-0.433576043304594
0.947346568439815,1.25872511553881
-1.18828689754714,-0.754083724142653
0.194819906665303,-0.464285830977012
-0.384822902315476,-0.968994575423939
2.20894188103507,-1.24102665632489
0.603185179069968,-0.0579879582450005
1.52272465100517,-0.467157597762281
-0.286740425493184,0.527465085261525
1.20280353107453,0.784599195000377
-1.57952384498708,-0.658108047541717
-1.57029563949232,-0.876024208140595
-0.138419379362863,-0.903775386094818
-0.634836070817143,0.625605412807275
-0.664138553396486,-0.511969371654174
1.67769580161724,0.872733101187133
-0.588514720280374,0.709073005216444
-0.229526979332085,1.0714757763616
-1.63604787188016,-1.14947099753991
-2.58773074039218,-0.936084120222047
0.0171534336259536,1.81414607315126
-1.45002156767489,-1.08178418165349
-1.83309939599697,0.0816916457132757
-1.8095653254335,-2.4389421392997
-1.50773864921724,0.0201060589087332
0.798067709024454,-1.2096030309806
1.86509155622717,2.63222453562459
0.111505407614048,0.146273905598357
-0.182182209225467,-0.293204946483026
0.173117234603825,-0.713400929950747
-1.38612063546765,-1.97844212376676
2.1325138404165,0.747959007736189
-0.811172989446771,0.409133644111688
1.92983543035162,3.15805309611439
-1.08933871767141,-0.893092750207416
0.636186263425009,-0.737986946945001
-0.230771040474478,-1.06905753717817
0.367337045842818,-0.636302880515881
0.62298328840975,0.746911401232502
-0.321698860253473,-0.295161830321332
-1.09671878447104,-1.31950592236814
0.285849076447149,0.620280489020297
0.573262136517857,-0.244784447703083
0.618810567892666,0.317209241248447
0.665049965407099,1.07072643716056
-1.72595245503813,-0.756659699554458
0.384870503278367,0.483937763495131
0.401229809327574,0.823699766761848
-3.2768877118248,-2.50670047159202
0.514752759404263,0.731615303462424
1.5440408859644,-0.0634250840688274
-1.41344025003243,-0.611129564950012
-0.657709784099417,0.341179316308473
0.144399635101771,-0.849705126934719
0.235630772945125,-1.68241641522565
-1.04102443368546,0.0966737493638478
0.446489607022245,-0.531917801992389
1.52927579677262,1.37343542479826
1.42621139739733,-1.65398519290749
-0.680880524298948,0.166135955888122
-0.460435410685719,-0.914984751823618
-0.646081335880374,-1.35946717427498
1.55731522320374,-0.201075236170643
-0.672354965556221,-0.636962182072533
0.640021499226538,-0.390774303569705
-0.515589254408917,-1.33572192036227
-0.716290813931514,2.04392002584275
-0.421126706074928,-1.99657362100981
1.98745515353163,1.56968761773272
0.820866818707332,1.12686264197912
0.628783081453438,2.57369229677538
-0.377827378072172,-0.569425347252614
0.77689008032184,0.575830223908183
1.46121259107117,1.27343298558472
-1.67113583487914,-1.76003526869416
1.24818248731838,0.257871014665222
-1.18293563096399,-0.255976540278577
0.259726014038863,-0.704014272695103
0.434062586798448,1.21677536764058
-1.93004897440054,-1.13203969956387
1.91353624388465,-0.710256486009272
1.28645422593121,1.01411653366514
-0.226767936902587,0.485194767592475
-0.211949322258045,-2.51556397277725
1.09476066919216,1.63729596481066
0.113247560635473,1.16844367763941
0.0480330180178795,0.398050738788673
0.603702084608051,1.73126979598828
1.79506035950647,1.55929494355381
-0.64900240152436,-0.792657267021966
0.374728357136443,-0.673757868575191
0.362763863243803,1.53790208381537
1.77697540552224,-0.91971936521864
0.317617342657475,0.505627130380985
-0.503009710851635,0.66858583477923
2.20358275811557,1.57126072015849
-0.29655388476132,-1.30976361599893
3.51523392020268,2.5000004117144
0.0442416413946116,0.455704866670201
0.296877082385654,0.484749133410651
-0.3416911403577,0.115193003372811
-1.69821441501334,-0.154371179350931
0.128005522913036,-0.18872033085836
-0.665727017976858,0.173355784871387
1.57739285972672,0.63050738050539
0.72200467521381,-1.93966656028034
-0.0961710729685835,-0.102410742185954
1.25536760097313,-1.74549752413031
-1.2603761907974,0.487458152379603
0.865518823846686,1.60710337799986
1.29971368348572,0.626010035693819
-0.414923714311385,-0.249243628041601
-1.59155897028294,1.64450381442464
1.07293159018483,0.473214642877664
-0.598724808447068,-1.4147692595753
-0.498514931120689,0.456701519793916
-0.19600435509592,0.292407536404137
0.768113390187644,1.6429715546794
-1.40633130421879,-0.326776913823995
-1.37987675356149,0.323397851714427
0.595923061910102,0.113689468839191
-3.13499888686035,-3.82423232783547
0.981792323173679,1.40172471827179
1.68719496317944,2.13628242427462
0.691040428575973,0.265427836881982
1.61878530445216,2.20702891981609
0.49189578562307,0.307138852595785
-0.58157349539861,-0.306663123916639
2.83247982645887,1.42834443156942
0.486785107331399,-0.160688431732105
-1.07051137789417,-0.941503047464094
-1.23464236326414,-2.090016658824
1.14791544814218,1.58195794051852
0.0702412864954353,1.59730804796792
1.3457094573636,2.1529665654564
-1.48021400900173,-0.492506115633644
-0.785486929222092,0.104983145222768
0.98218547619273,0.661378280190599
-1.63733753422922,-2.13013496428102
-0.773956877658663,0.295150831351146
0.427761588437776,-0.502212076233449
-2.36014433249637,-1.61886083786565
1.77337015802466,1.49406162148473
-1.16532996666425,-1.6139747361387
0.601493127747612,-0.199631003984999
-0.0996124956138339,-0.986506755228967
-0.208559017400956,-0.994024810334829
-0.813933771532964,-1.36933418234951
-0.438334067835161,-0.729847386626207
-0.638190217384718,-0.855087914107425
-1.01984505974605,-0.213383897780842
-1.62917981712166,-1.80431737805613
-0.0685640678722125,0.932213368652291
-0.433117220763633,1.00808533595932
1.08504442403921,1.69869430863732
2.01380958972802,1.35292968287395
0.484312382650859,-0.349673231447664
1.50292760359682,0.330301306685775
-1.74189991637828,-0.527191815722657
0.757864434385177,1.68150701953411
-1.12458316237888,-0.811008613498585
-0.652650725154989,-1.67839882738721
1.30388634229636,1.61870719225353
0.111114953444332,0.730565851570713
1.48373412004328,-0.0865457462214992
1.04923331045233,0.320514160555125
-0.115906910697475,-2.21887096014774
0.119058472052422,1.95212475198854
-0.4597904201118,-0.234093289051187
1.35672710414267,1.09308741717823
-0.377365366930931,0.323944712527401
-0.542155258672318,-0.946581685298339
0.144430258422753,0.57341788126592
-1.15335943633211,-0.414627428238062
0.163136224322403,-0.827557868107496
0.490234291000883,0.506397503780645
0.148267853288849,0.949403234855181
-0.602811297050694,-0.590395550531241
0.501119553174783,-0.236012248375839
0.643272634794758,0.191099481431592
-1.47894372991024,-1.34792064615499
0.650919791441,1.46935114689538
1.27415542073088,0.834210788153876
-0.0766495377193544,1.03930557422429
1.93201370311001,-0.232477901523973
-0.366744504515291,-0.098084866547173
-0.931663845065574,1.00317243024981
1.64666585894584,1.5420973752986
-1.52825627861379,1.0840552876932
0.139337127464682,-0.196972745786182
-0.489132282087661,0.219180307440861
0.0126012290589918,0.469633320272591
1.10117526907108,1.00501437498622
-0.23607759796619,-1.69512235145652
-1.43249380244339,0.0711930308093658
-1.88719436274656,-1.38607792388345
-0.770185782591134,-1.43618394707024
0.110271217209747,-1.01341988678387
1.02628661664921,4.04079644156438
0.220000429481889,0.484185988358649
0.0943742213895962,0.298955837700757
0.0515075214895236,1.72348738226656
1.89638260021041,-0.675673923848529
-0.880133865815449,-0.0449296603453815
1.58038807926881,1.05143747518879
-2.11134090079848,-1.02386339947883
1.20146720272629,0.282951137725659
0.321324941898851,-1.2553922997701
-1.73513677582726,0.340440842100375
-0.0429318908529494,0.346170730700482
-0.572193051000602,-0.29264940357361
-1.32673477109625,-0.108104702839717
-0.0988719973216722,-1.69144180906883
0.87475255323689,1.73927369535648
-1.27992479627427,-0.361537402486828
1.52949006371483,0.974479653753757
-1.60314335813276,-0.845606555155779
-0.330573927917883,-0.0284282919087704
-2.04217951040215,-1.0523006663663
1.05181927020026,1.54171059860258
1.36452447597357,-1.50437705205651
0.467288333448557,-0.794456169423775
-2.39160134666067,-2.07024131614883
-0.679076345624826,-0.880853467036832
0.0724998757277526,-2.16705200614142
-0.352170234816831,0.116605146954734
-0.559527481831079,1.00931888068566
0.673047298919083,0.358550718917744
-0.900745126735754,-1.62384207923793
-1.2131905450396,-1.64979601022321
0.540545028738759,-0.706256992224292
-2.65467038066704,-1.05523673504988
0.133317731542113,0.688163832615272
-2.30475389879741,-0.396381412246705
-0.545665328159553,0.659433135119492
-0.516635552535892,0.615966712024351
-1.0967241683831,0.0740205344203312
-2.20800175311857,-0.870984376160809
-0.152490211609209,0.115225070808496
1.21104827859672,-0.255020299796674
1.10708141715454,1.73595509847114
1.36849716444099,-0.379744683251536
-1.29780770658357,-0.71135996977002
0.421959675102131,1.07639629593718
0.0111613630423463,-1.78291292792122
-0.887821385968012,-0.986231597433494
-0.170643738835468,0.85569702726082
0.266678481994594,0.277201402653211
1.21058572123395,0.859831390261043
0.663002406364388,-0.182849390511809
0.0545262460974261,1.62972548529239
2.0146468360039,0.157308061278287
0.0233541804359085,1.12234301452168
-0.0305932178375827,1.3036308470854
1.13828831581518,0.847851496022886
0.173130081124955,0.268246066991119
0.871822238154804,0.239739731625323
-1.72870394630259,-0.774974647650831
0.426134869968228,1.66589234332811
0.952979814559556,0.13290848660376
0.222154038504379,0.238653432670887
1.26907108963454,0.793845549480509
-0.377680909418534,-0.848449501557874
-0.155897907678533,0.439662263946253
-0.965482501518392,-1.0874690680051
-1.50225778211833,-0.819419156080738
1.10862075559475,0.704527779304925
0.836078739248571,-0.643286341700642
-0.619632306949239,-0.555901704033916
-2.10584723832689,-1.00954282699303
-0.378412132335615,0.0300523414611141
0.633844824766714,-0.00693742189950941
0.114741447203937,-0.0106654997714997
0.597114810083632,-0.0741784038770634
0.502840732193247,0.293141963539725
1.49632163520228,3.25016050245277
0.328715444380026,0.56008068024588
-0.504709022348767,-2.6231836801535
0.452703592012774,-0.487545580200282
0.703022809085447,0.444535688468996
0.0623483911514049,-2.05719004716636
2.1150296032819,-1.22460154858259
-0.351652943169496,-0.0594144620732576
1.09340546999291,0.0612605815027594
-0.0635743514152624,-0.266370937578503
0.0494445825810527,-0.557447587199305
0.835541710901006,1.05854055903899
-2.78481939343446,-1.11372293247184
-0.135241616258297,-0.35457312073241
0.353131953507306,-1.27554293484648
-1.37754582829515,2.98411893878304
1.44718882158926,0.708297553818537
-0.0389723429489599,0.918137103789054
1.54960294349932,0.0695746493420157
1.06841956523655,-2.18195060698134
0.828761303302887,0.0607526077964728
-0.0652186722780386,1.40014121656967
-2.67906113499504,-0.395635003236205
-1.72148093994387,-0.501005616854346
0.202473804242743,-0.283734579161377
-1.40939761983462,0.0756050672853477
-0.50602207731388,-2.19522770391063
-0.692318131872991,-0.852651366272328
0.902438949310059,1.13525972863926
-0.518799361157859,-0.154355916076141
-0.216171639128593,-0.255524477446617
-0.665652402023998,-1.6848565572803
2.11374273009143,-0.351423630534711
-1.1043207391385,0.172887586864323
0.971670035063595,-0.354349707170775
1.63598789223536,-1.16931870722907
-1.21801565788143,0.581554905890948
-1.63445837741798,-1.46719586048524
-0.182366884513203,-0.751344153366585
1.3825840474646,-0.6319084922064
0.389210931605431,0.717365070566892
0.336874677163666,1.5247641526663
1.78309325040912,-0.634891414813965
-0.508592582794918,-0.328919075177421
-0.582905117121473,1.67939138926777
0.27027750350045,1.135701732398
0.373188026669582,1.0272183324195
-1.28595439835879,-0.425014377352744
-2.7573322498754,-0.866736667681868
0.104650269991234,0.00716348151504596
0.307831368223106,1.23316275403259
-0.785775454087876,0.508438059980987
-1.80186997882732,-0.322484425935738
-0.606226409630506,-1.7850970608695
0.194365249730446,0.697226253031629
0.326761249086103,-1.33271309703894
-1.99524906483272,-1.23073450638744
-0.0151909906028369,0.258902760213537
-0.845189684800219,-0.0277868894608865
-0.991654142225491,-0.457586277463749
-0.143364548651497,0.932387430265981
-0.160545658941976,-1.02497538903189
3.40665608198206,2.39293921358453
-1.27908425788795,0.939972416513118
-1.91269597389475,-0.863148369318316
0.300717879430901,0.134237268885282
-0.794285578823937,-0.430218383474985
1.81523596861463,1.95358044990296
-0.15529521989236,0.428075549234771
0.571119930998131,0.984858707483166
-0.690414426377055,-1.19261598074963
0.116039690777425,0.519186299903834
-1.01024285063219,0.0803593675884219
-1.27899919357987,-0.491280793197567
0.461626243971868,-0.881585231852977
-1.06374187142066,0.962389732124958
1.87304284543568,0.321676497051423
1.6030118121453,0.989873581110905
0.938069549410767,0.661065565747721
0.42392102459247,0.657089519186599
1.09369471677331,0.578799047165702
0.250790045223739,0.0956732486489833
0.385956062238084,1.11443622090103
0.841046789128418,-0.745934623064247
0.681752002101017,0.568110432025471
0.928456671863787,1.1789007824735
0.779854754715359,0.63913338534019
-1.28729655544047,-0.596616976555453
-1.58511300979723,-0.0908037843786919
-1.16152860662182,-0.612030940627186
0.183463220915857,0.0998003917367618
0.256152434545885,0.723273567572801
1.41145801327115,0.667111834638275
-1.86828310429709,-1.88265358671458
-0.615817797757294,-2.09909486518206
1.49503416531006,0.607266031893846
-0.243538896495437,-0.109689606495224
-0.0196582006423005,2.05051902793094
-2.17765605891528,-1.47936275576962
-0.424888606041584,-1.54449740245866
0.629033244569761,-0.748294239217813
-0.534956263210608,0.834096174166642
-0.0425479151929307,-0.252621974971674
-2.29471709428054,0.669276165642638
0.905673459269829,0.593660288416319
0.0705000158216484,3.91878181263996
-0.0489558888002609,1.36716321672622
-0.589233395485545,-1.03336381552398
1.74333482860832,2.24033711770803
-0.0917690201994466,0.637399460240354
-1.15736968761909,-0.121169055567896
0.285600859482322,-0.748305835264369
-2.02644690782894,-0.304559156717356
-1.03743909185943,0.620346579069555
-0.223193878594056,-1.48370232755854
-1.1229987434927,-0.331629242544077
-0.00339519040458508,-0.299443926213068
-0.291495362911308,-0.103235354053667
-0.548107464974516,0.421428887617129
0.00989196128128361,-0.813773203576842
-0.634650317819724,-0.848731000569403
0.368164008749779,0.828460737910061
0.810911869208691,0.400856897037347
-0.120362041890946,-1.04422852042803
0.411691232382323,0.332798133802143
0.324951198278064,0.875449244679761
1.25724252761883,1.49050756970556
1.1420858402474,-0.148515400956077
1.78517637223063,0.487613378004073
2.28731619318625,0.551322430641374
-0.350319347980167,0.756757633804308
-0.0563826647570638,2.93125961103869
-1.0503153136903,-1.49111054484945
0.381183714830049,0.95908684980709
-1.98127957087887,0.266767524601809
0.874881033197324,0.500157583505459
0.455296502899264,1.57083056283511
0.651996039619233,0.988283905657893
0.888953801768767,0.38339661774582
0.315116949907757,0.175981806901891
-1.21629198577957,-1.34185772135666
2.29986694048138,0.529934787115407
1.17609990283522,1.46510298382144
-0.258294682561167,0.15417716653413
0.142732031268163,1.01217518463374
0.684578499447202,0.942998795645474
0.453060579965317,0.0644580342885624
-0.0424692750097229,0.506367482383198
-0.220218787652856,1.90455796814338
0.160808739734565,0.904002856838457
-0.35756306924498,-0.0126518396212678
-2.77946691520006,-1.73044594620863
0.025598501512317,-1.86922415121726
0.692828783148707,-1.92409788720221
0.594531099125516,-1.58230762888441
1.25744119419911,0.76186727128293
0.0172211662418763,-0.967780588438727
2.73291748535211,-0.50090564769009
0.168914831449832,1.45128829673617
1.54571275450601,1.56945172275687
-0.178466571811071,-0.0159624067703724
2.4622486946936,1.07505512396104
-2.3743286528697,-0.817502551599984
0.879774090268968,-0.302451772976963
0.406641666968758,-0.649362642371734
0.633199024542488,1.41165827581033
0.860092065408496,-0.12298514345782
0.386117833437222,2.05328679767845
1.12815141277518,1.04795197580211
0.421045660163794,-1.01914444062445
1.09184486564455,0.942391968879603
-1.52328237919938,-1.16402128846366
-0.40077657788955,-1.01216089046639
1.14370641799212,0.036174535912156
-0.0579374733467982,0.0685141328021945
0.27747604190741,-0.336845988079688
-0.539507490436576,-0.508439386627183
0.82945757251916,0.977498165560078
1.80473960760667,1.37871940073681
1.08252539558872,1.32470346148671
-0.117680088841308,-0.820459800146828
0.0734164148252471,-0.188470934736081
0.0688590947281358,1.63860960061716
-0.38032120768468,0.967822871222546
-1.29700080152754,-1.83608124607524
-0.113750526277546,-0.775426884220946
-1.30686954823985,-0.913085214771395
-1.7283010272212,0.56769162235082
-0.825872894055704,-1.181623511394
-0.387607718321001,-0.173320164619108
-0.92000144768929,-1.43915072947393
1.1766597224911,0.45528117041414
1.85988405539897,0.692282735932676
0.868890441628965,-0.0272113515756463
-0.693676198054413,1.03322854556075
-0.519839996663342,-0.982100316910663
1.51196173150211,2.26196540431464
0.190559789029706,0.751485169283923
0.0697052666619959,-0.396287502780935
0.741054394113025,1.24507811527575
-0.415635864053162,-1.03201386075954
-0.951697292335242,0.52813038304893
0.293765839875993,-2.81685344153939
-0.918336951142003,-1.47579173301858
-0.185823986354847,-0.00456451318236475
0.238141093705429,-1.04897219998719
0.971059877161621,0.435493246828215
0.0171555230015246,-0.206124164003112
-1.80430909905772,0.357702731135622
0.392711620590759,0.67387577213749
1.30691338243372,-2.12803709451432
1.4473972336129,0.368225938421171
-1.96227115787552,-1.13180883774333
-0.259344757827001,-0.873357112770205
1.04518397336884,1.09302102186465
0.6210326370969,0.550810140732037
-0.0281888099511478,-0.266167176360583
0.638786237068724,1.07136855253118
0.928817337979846,0.702843497145354
-0.851742514804527,-0.664893571225852
0.0370344698277019,-0.641537925355649
-0.443798579819241,-1.34367345025311
-0.0268845356880637,-1.24834676080355
0.24727078570488,-1.67523472473621
0.0754610928308251,0.00247382166492285
-0.150955224228064,-1.27327306649843
-2.02516041195717,-0.430031713454896
-0.421115879136882,-0.40934506377477
0.325716798260722,-0.627216390593946
0.640555812163928,1.06566882225157
-0.326847500608195,1.31716987078808
1.558115530256,-0.207721662573204
-0.0575134931084862,0.405872658782867
0.676425933718941,-2.18087773384315
1.0291715641222,1.30982715561773
0.67529987666129,2.22248953847405
0.197995259066237,-1.39565081856485
0.150583243018198,0.0245332974269798
0.937849886062916,0.74049636889709
-0.512738770952219,0.262866051584015
0.475094039916549,-0.114529826827281
-2.50995959903169,-1.4889641375729
1.50206426189585,1.82171780448529
0.116742926249236,-0.772738099736124
0.102692172540594,0.446979832370112
-1.34718864282805,-1.69078603264219
-1.80803256655783,-1.94013936808323
1.22691099825493,-2.00080557703478
-1.14908288276163,0.00236961044497286
-0.234396334456239,0.608563898560715
2.49160758358775,-0.113670664081438
-0.232945864938617,-0.908653996154887
-1.26437498965121,0.430664361630337
-0.259455770511423,1.25622386678107
0.245076516514967,-0.789713041137766
1.62801022052127,0.75739143851393
-0.791744861512476,-1.22251186765915
-0.881672754621615,-0.410577933763648
-1.83817474276546,-0.91719832117899
0.62141703913969,-0.578502236685896
-1.62694801549033,-0.427342376093005
-0.112783576925574,2.07838400332583
-0.504970495322756,-0.0468680818096573
-2.08881814986177,0.665250827586609
-0.390892683483838,0.0966944984592021
-1.27020805585417,-0.354944201676938
-0.485032930966097,-0.326204765271797
-0.332323061368142,1.09159906131402
-0.613665076986599,-1.01854981386838
0.499426009691718,0.393088800547417
-0.187282257654347,1.26277843197475
1.71406369795545,-0.36337093546705
1.01372067641459,-2.65818950525795
-0.701624143080158,-1.73238643729012
-0.895244179782379,-2.25777689832861
-0.156449929555313,-1.14674357657367
-1.20944708596694,-1.82652443079075
-0.379635312349114,0.721151571047329
0.858336936333494,1.10775709277986
0.0580441850678562,-0.5567763064922
0.0886541893340569,-0.0846439070283003
-0.743142226466434,-1.16604037094581
-0.655285650529654,2.11780133974892
-1.50946610859717,0.304234053509223
-1.41092194410352,-2.05697195417791
-0.805515093224156,-2.0880568516114
2.17598694526407,1.52918535383477
-0.472685448982138,-0.866551665723623
1.77110823663644,1.28715803011243
0.439265965184609,0.440200714307446
-1.44778793436421,1.65711600336998
-0.760999482567361,-2.00295703885607
1.49696714090156,2.47799955226644
1.85091513939814,1.9487637457262
-1.19958793720508,-1.14185782739848
0.384633854796695,0.912812106945507
-1.53767139471386,0.220541708138069
0.924592590275319,0.213925309961312
0.126819864794627,-1.93772290143314
2.30409632332368,-0.316750383516152
-0.783751494637483,0.822582169272596
0.784495713187497,1.17574750498008
0.171294568056366,0.850955773923642
0.134296913578945,1.37294046909853
-0.846550335705072,-0.796378636084065
-0.715982330349616,0.767503630337812
0.439633302197117,-0.735831869656714
0.273435377945858,-1.66021946163859
1.669710205799,1.27446113409399
0.765230637094692,0.831776027911247
0.940243167131045,1.19986835959659
0.912682276080193,-1.72139269367211
-0.530853314982857,0.304394395811856
0.10685305857152,1.13910519403254
-1.33022284491929,-0.314321214589221
-0.244625388839832,0.839694880732695
-1.02965097323846,-1.45403791806842
-0.806330354281867,-0.649865494421426
0.595037221476672,1.91711761173855
1.8251464549983,0.903303399432795
-1.69007278293791,-1.52281629203107
-1.16171368320775,0.111165654127133
1.22799932227269,1.23973279025714
0.986508876511948,0.215358101447728
1.60612625370127,0.558032768713075
-0.400339794178297,-1.94126656517705
1.12189758563102,-0.676939395025037
-0.501074233150765,-0.282568432967389
0.76505469018148,1.0595959009956
-1.54792285854735,0.0971085136732045
0.434718892986812,1.09431313689774
0.428651821388776,-0.677921335646133
0.847006475833091,-0.306198549859861
-2.91591371456521,-2.35718840495003
1.04429150362136,2.79451549166197
0.132212219586636,-0.107761823847068
0.833462721762912,-1.6099570269541
-1.14847043329933,0.0224482781095102
0.0283738315331151,0.227837875687874
0.263818516912125,-0.298966353092828
-0.164422389279463,-2.2292230700268
0.0807265949896983,0.797294996486289
0.884468635621916,-0.406733511881154
0.0952549975162251,-0.298080148965929
0.809148103826217,1.13665023167581
0.454936427793027,-0.908542708759408
-1.79993472145643,1.08831378403932
-0.0335313999017769,1.59821183334189
1.56850686479144,0.322308026288945
0.59697218284743,0.620881584866254
1.72253354403554,2.08735297957471
0.00607773824976787,-2.28814506755121
0.562005715714022,-0.785820449237237
2.55593451771851,2.28277371025116
-1.35779945252696,-0.727179572688737
-0.142010189643061,0.681372453332754
1.06459051873516,1.91517403758458
-0.0907164033469007,0.132422888188782
-0.57187183825228,0.827488770692027
-0.454715316881727,-0.72554269152459
-1.5208258656259,-0.290078510352531
-2.21661316956155,-1.95279128616568
-0.255675930044287,-0.432140266052935
0.585545715281669,-1.34309943314814
-1.0689349297639,-1.30028273345049
-0.0379741652417368,0.966059496453857
-1.09948929732394,-0.695659301803435
1.16320033516448,1.1910800456936
-1.32562554355515,0.265070105530585
4.05372420911946,2.14907526562919
-0.999515866696394,0.865228778271727
1.41354049745363,-0.886232835357381
-1.58789943180241,-1.58693711945275
-2.27443544216101,-0.420307428214215
0.919944137078286,0.164399831304875
0.236775346880161,-2.05991097378334
0.833295329529822,-0.270727155699466
1.98267574348381,0.294268204177264
2.57892540590826,1.92333168947587
-1.03094019280788,-1.74385406302146
0.318736382641186,-1.5342571395902
-1.12916996816102,-0.796572525531169
0.13692847011792,-0.683040361149646
0.458220356950428,1.27867843705675
1.29584214050198,0.292444391079563
0.44924890922277,-1.49014540132868
0.244934180298009,-0.568688838879126
-0.25428201672771,-0.193196592292352
-1.09337687016543,0.514467063524338
-0.642990284579691,1.38848133416986
0.248007961755841,-1.10429610603395
0.400719733441729,0.0425177959896371
1.01726659687659,-0.375919418006693
-1.19999764652112,-0.935289680608881
1.4928511046766,1.31382131608166
1.29367027678004,0.139376479659484
-1.04412640114836,0.609923124978433
0.628346120736986,-1.2729161384346
0.726278363961215,-0.304163112746651
2.9688131923924,2.44912916754786
-1.9446005822419,0.221806141073095
1.53938689730573,1.78728231575363
0.476499255996277,0.856664609636316
0.438924624285293,0.632462460716455
1.62983661180532,1.71317502966671
-0.312522386906775,-0.417558803648593
-0.0153677954910106,-0.0826720520508897
1.03421985627336,-0.77355919273637
0.579893813124556,0.888708571241168
0.337691426426827,0.464612748476753
1.50695669715333,0.514380276151913
0.373087381029348,0.335787707369267
0.747051191863867,0.478883494291627
0.431079520951271,0.337782440469152
0.772595063472891,-0.897982299844385
0.00318271509803686,-0.960108603497463
0.528800378041315,0.404552691252886
0.469013027273092,1.70858143563003
0.723683039354832,0.273769996525539
-1.40363543200087,-0.638387934425876
-0.646997962387382,-0.051539564578037
0.164541391110863,0.806914480017082
1.26192762588269,-0.533867833345793
-0.861342224347238,-1.59821822491686
-0.843212184167385,0.492230463700129
0.641018037404072,-0.0392103381320185
-0.102174280824205,0.003148274315422
-1.28141946347441,0.358232934012087
-0.192893359827946,-0.381673537844793
-0.384536179095264,1.42091287165421
-0.398079480683006,0.143072047849981
-0.762089862892395,-1.31266518221713
-0.308216000782579,0.459431620029657
-0.185604046277172,0.358617202430859
-2.24377080055747,-2.37384194919664
0.0279114307863833,-0.310675790596709
1.38077983603919,0.303822092978339
-0.851245582825859,-0.770288511523398
-0.378504050755669,0.0285963136943078
-0.677940410323404,1.16540225639522
-1.43889521518433,-0.476347077214918
0.480698915581705,2.72046954918313
-0.43716823929355,0.0670369122148876
-0.320354124479739,-0.141090850750801
-0.929971356357886,-1.8391820309529
-0.620372547624285,-1.89768853109744
-0.166084246336997,0.186033845602986
-0.294796936437418,-0.61496483559712
0.309232076952577,-1.27866744165812
0.21738103334688,-0.826562672935187
-0.976165757099022,-1.18766561441811
-1.24677916995647,-0.205917884184269
0.0828094505949127,0.747061772199304
1.42524648292801,-0.312792520643612
0.651570092947408,-1.21563175213817
0.115875329535644,-0.913752507590339
-0.0964792046815461,-0.983677154896864
1.02099947924716,1.67848502349671
-1.81328846842249,-2.01938474245841
-0.113791021817853,-1.14188127098896
-1.14383752073707,-2.12213757485193
-0.658437744080441,-1.07226700221403
-1.21099209654981,-0.57528704001078
0.273031325919323,-1.41525628033228
0.916516296395948,0.800471631552805
-0.988225999963011,-0.818340823349793
0.664916432249467,-0.182248681014567
-1.11111269982211,-0.0957640886746296
-1.33340883641145,1.26039364898066
-0.655932197720244,-1.26153062997874
0.585664222276226,0.529306299753683
-0.561090150614982,1.91843117185435
-0.165235253388912,0.138212738453173
1.46414868393566,-0.306134998460775
-2.16891301962426,-0.200689982358725
-0.56795104019087,-0.376601671090769
-0.12467824395637,-0.815061177945874
-0.670137538442398,-0.281830731902415
-1.59370613716069,-2.79821567169469
1.06931459507277,0.907734397568792
-0.988842047948979,0.0508934479792704
-1.43459973340786,-0.47608126082119
-1.27016689423486,-1.1635533100659
-0.254569071674632,0.949817070466815
1.34958366808961,1.49394461739581
-1.88156071655564,-1.14717980192144
-2.0895497642874,-0.824434656146022
-0.323157947531397,0.182945131246957
-0.39220124232707,-0.708691411975269
0.310699403392231,-0.322558148351692
0.54349887576092,0.382444450159171
0.370143857636806,0.260083511596971
0.691807707778599,-1.96014586181798
-0.878924205558311,-0.248374029291726
-0.280071703967595,1.53307759209878
-0.401910619583058,-0.25536321013194
1.79021169289194,2.26931840604624
1.32355949583706,0.862490327446851
0.0838741252149193,-1.17249436504002
0.179169510691117,-0.613012490896838
-1.74056279300473,-1.30502542252839
-0.706886837188863,1.63916731917997
-1.01381139722469,-3.12359810228745
-0.0544509552560266,-0.884124463903091
-0.0496796429016101,0.259967886826865
-0.407954130716989,-0.709839508234963
0.345860748502452,1.4680129300953
-1.70163092311887,-1.49602680529221
0.671509844406285,1.84229957636684
1.68813620079161,-0.0252572613381202
0.677647083197234,-0.225209109357545
-0.560903478851892,-0.819654444896227
1.34460239704712,-0.674824172794477
0.194406696357812,0.394973465618283
1.46789386266836,0.812772271477088
1.80844396727133,-0.284784143280478
-1.20867463154633,0.141425616664265
0.983983107213022,-1.1829562019869
-0.452347476490477,-1.41198384592646
0.951115776276963,-0.533466902229405
0.202564569728071,0.568529746736153
-0.701367621764273,-0.0433571037305128
0.0450756479345144,1.11457489218303
0.717821788038307,0.760760054476987
0.273161996186298,-1.38564375499863
0.379603287657661,0.161804777976669
-1.25673256761359,2.34494908380858
0.102950820464073,-0.402839351292124
0.526137217702811,-1.08390872672404
-0.394500658068646,-1.73108095137909
0.86638078979724,0.665385520440753
1.134968568836,0.466946342662965
0.434721048292964,0.295829705223283
1.94096603455411,1.28479096362845
0.571837783850882,-1.24907411033152
1.01250318815922,-0.137355003839559
3.19511022849284,-0.385673353390151
-0.65656808335258,0.941495215737156
-0.533008880416241,0.607304028351035
-0.981099720673688,-0.682875477986283
-1.33543903275675,1.41953049629594
0.0704550053202818,-0.0254949698829663
-0.158396374851814,1.19561984343196
-1.16669371827481,-0.698316800942669
-0.582341814986365,0.564425488505961
0.413338592741837,-0.231289177701251
-0.540212525842943,0.0812483132465574
0.380577355783537,0.289628816536569
0.476778819987691,0.460323812900029
-1.31308059486164,-0.892487681081606
0.689715421066908,-0.338078563930317
2.10404514518954,2.88757591177228
0.890925827421014,-0.476500226357162
-1.43709694998549,-1.1116704161593
1.06995589534588,0.205069779879715
-0.0228571764207879,0.308716131103159
-1.2753872544574,-0.424101378552528
-2.13937150166915,-1.44479655890445
1.88211277351918,0.152714770470462
-0.281402838797641,-0.890475257154111
-0.135404316466939,0.516153289758855
-1.38202563263421,-0.293867901839891
-1.8359030867248,-1.55120183343084
0.585410254571473,-0.236493314928292
0.844583929761351,-0.411964931437391
0.602345559639355,1.10775530097899
-0.217511634458931,-0.237541676975957
-0.758674192194696,-0.753823366692424
-1.92828988628019,-0.245962037096506
0.916938141331447,-1.11868181913662
-0.242009717953592,-2.17369944140504
0.0358650659657419,-1.28679755177618
-0.455700135885848,-0.988319122337082
-0.782956207431229,0.0534605847289966
-0.2177004309516,0.56772572604375
0.169025478253425,1.52543336311995
-0.797479335913814,-0.125865992474821
-0.731522753823347,-0.337370964794893
0.0399630727480858,-0.0648774002868782
-0.106024776972712,-0.102615375942834
0.0874891656760716,-0.517951699268237
